{
    "loss": 0.34970784187316895,
    "accuracy": 0.9051724076271057
}