{
    "loss": 0.34066540002822876,
    "accuracy": 0.931034505367279
}